Country,"Density
(P/Km2)",Agricultural Land( %),Land Area(Km2),Armed Forces size,Birth Rate,Calling Code,Capital/Major City,Co2-Emissions,CPI,CPI Change (%),Currency-Code,Fertility Rate,Forested Area (%),Gasoline Price,GDP,Gross primary education enrollment (%),Gross tertiary education enrollment (%),Infant mortality,Largest city,Life expectancy,Maternal mortality ratio,Minimum wage,Official language,Out of pocket health expenditure,Physicians per thousand,Population,Population: Labor force participation (%),Tax revenue (%),Total tax rate,Unemployment rate,Urban_population,Latitude,Longitude
Afghanistan,60,58.10%,652230,323000,32.49,93,Kabul,8672,149.9,2.30%,AFN,4.47,2.10%,$0.70 ,"$19,101,353,833 ",104.00%,9.70%,47.9,Kabul,64.5,638,$0.43 ,Pashto,78.40%,0.28,38041754,48.90%,9.30%,71.40%,11.12%,9797273,33.93911,67.709953
Albania,105,43.10%,28748,9000,11.78,355,Tirana,4536,119.05,1.40%,ALL,1.62,28.10%,$1.36 ,"$15,278,077,447 ",107.00%,55.00%,7.8,Tirana,78.5,15,$1.12 ,Albanian,56.90%,1.2,2854191,55.70%,18.60%,36.60%,12.33%,1747593,41.153332,20.168331
Algeria,18,17.40%,2381741,317000,24.28,213,Algiers,150006,151.36,2.00%,DZD,3.02,0.80%,$0.28 ,"$169,988,236,398 ",109.90%,51.40%,20.1,Algiers,76.7,112,$0.95 ,Arabic,28.10%,1.72,43053054,41.20%,37.20%,66.10%,11.70%,31510100,28.033886,1.659626
Andorra,164,40.00%,468,,7.2,376,Andorra la Vella,469,,,EUR,1.27,34.00%,$1.51 ,"$3,154,057,987 ",106.40%,,2.7,Andorra la Vella,,,$6.63 ,Catalan,36.40%,3.33,77142,,,,,67873,42.506285,1.521801
Angola,26,47.50%,1246700,117000,40.73,244,Luanda,34693,261.73,17.10%,AOA,5.52,46.30%,$0.97 ,"$94,635,415,870 ",113.50%,9.30%,51.6,Luanda,60.8,241,$0.71 ,Portuguese,33.40%,0.21,31825295,77.50%,9.20%,49.10%,6.89%,21061025,-11.202692,17.873887
Antigua and Barbuda,223,20.50%,443,0,15.33,1,"St. John's, Saint John",557,113.81,1.20%,XCD,1.99,22.30%,$0.99 ,"$1,727,759,259 ",105.00%,24.80%,5,"St. John's, Saint John",76.9,42,$3.04 ,English,24.30%,2.76,97118,,16.50%,43.00%,,23800,17.060816,-61.796428
Argentina,17,54.30%,2780400,105000,17.02,54,Buenos Aires,201348,232.75,53.50%,ARS,2.26,9.80%,$1.10 ,"$449,663,446,954 ",109.70%,90.00%,8.8,Buenos Aires,76.5,39,$3.35 ,Spanish,17.60%,3.96,44938712,61.30%,10.10%,106.30%,9.79%,41339571,-38.416097,-63.616672
Armenia,104,58.90%,29743,49000,13.99,374,Yerevan,5156,129.18,1.40%,AMD,1.76,11.70%,$0.77 ,"$13,672,802,158 ",92.70%,54.60%,11,Yerevan,74.9,26,$0.66 ,Armenian,81.60%,4.4,2957731,55.60%,20.90%,22.60%,16.99%,1869848,40.069099,45.038189
Australia,3,48.20%,7741220,58000,12.6,61,Canberra,375908,119.8,1.60%,AUD,1.74,16.30%,$0.93 ,"$1,392,680,589,329 ",100.30%,113.10%,3.1,Sydney,82.7,6,$13.59 ,None,19.60%,3.68,25766605,65.50%,23.00%,47.40%,5.27%,21844756,-25.274398,133.775136
Austria,109,32.40%,83871,21000,9.7,43,Vienna,61448,118.06,1.50%,EUR,1.47,46.90%,$1.20 ,"$446,314,739,528 ",103.10%,85.10%,2.9,Vienna,81.6,5,,German,17.90%,5.17,8877067,60.70%,25.40%,51.40%,4.67%,5194416,47.516231,14.550072
Azerbaijan,123,57.70%,86600,82000,14,994,Baku,37620,156.32,2.60%,AZN,1.73,14.10%,$0.56 ,"$39,207,000,000 ",99.70%,27.70%,19.2,Baku,72.9,26,$0.47 ,Azerbaijani language,78.60%,3.45,10023318,66.50%,13.00%,40.70%,5.51%,5616165,40.143105,47.576927
The Bahamas,39,1.40%,13880,1000,13.97,1,"Nassau, Bahamas",1786,116.22,2.50%,,1.75,51.40%,$0.92 ,"$12,827,000,000 ",81.40%,15.10%,8.3,"Nassau, Bahamas",73.8,70,$5.25 ,English,27.80%,1.94,389482,74.60%,14.80%,33.80%,10.36%,323784,25.03428,-77.39628
Bahrain,2239,11.10%,765,19000,13.99,973,Manama,31694,117.59,2.10%,BHD,1.99,0.80%,$0.43 ,"$38,574,069,149 ",99.40%,50.50%,6.1,Riffa,77.2,14,,Arabic,25.10%,0.93,1501635,73.40%,4.20%,13.80%,0.71%,1467109,26.0667,50.5577
Bangladesh,1265,70.60%,148460,221000,18.18,880,Dhaka,84246,179.68,5.60%,BDT,2.04,11.00%,$1.12 ,"$302,571,254,131 ",116.50%,20.60%,25.1,Dhaka,72.3,173,$0.51 ,Bengali,71.80%,0.58,167310838,59.00%,8.80%,33.40%,4.19%,60987417,23.684994,90.356331
Barbados,668,23.30%,430,1000,10.65,1,Bridgetown,1276,134.09,4.10%,BBD,1.62,14.70%,$1.81 ,"$5,209,000,000 ",99.40%,65.40%,11.3,Bridgetown,79.1,27,$3.13 ,English,45.20%,2.48,287025,65.20%,27.50%,35.60%,10.33%,89431,13.193887,-59.543198
Belarus,47,42.00%,207600,155000,9.9,375,Minsk,58280,,5.60%,BYN,1.45,42.60%,$0.60 ,"$63,080,457,023 ",100.50%,87.40%,2.6,Minsk,74.2,2,$1.49 ,Russian,34.50%,5.19,9466856,64.10%,14.70%,53.30%,4.59%,7482982,53.709807,27.953389
Belgium,383,44.60%,30528,32000,10.3,32,City of Brussels,96889,117.11,1.40%,EUR,1.62,22.60%,$1.43 ,"$529,606,710,418 ",103.90%,79.70%,2.9,Brussels,81.6,5,$10.31 ,French,17.60%,3.07,11484055,53.60%,24.00%,55.40%,5.59%,11259082,50.503887,4.469936
Belize,17,7.00%,22966,2000,20.79,501,Belmopan,568,105.68,-0.90%,BZD,2.31,59.70%,$1.13 ,"$1,879,613,600 ",111.70%,24.70%,11.2,Belize City,74.5,36,$1.65 ,English,22.70%,1.12,390353,65.10%,26.30%,31.10%,6.41%,179039,17.189877,-88.49765
Benin,108,33.30%,112622,12000,36.22,229,Porto-Novo,6476,110.71,-0.90%,XOF,4.84,37.80%,$0.72 ,"$14,390,709,095 ",122.00%,12.30%,60.5,Cotonou,61.5,397,$0.39 ,French,40.50%,0.08,11801151,70.90%,10.80%,48.90%,2.23%,5648149,9.30769,2.315834
Bhutan,20,13.60%,38394,6000,17.26,975,Thimphu,1261,167.18,2.70%,,1.98,72.50%,$0.98 ,"$2,446,674,101 ",100.10%,15.60%,24.8,Thimphu,71.5,183,$0.32 ,Dzongkha,19.80%,0.42,727145,66.70%,16.00%,35.30%,2.34%,317538,27.514162,90.433601
Bolivia,11,34.80%,1098581,71000,21.75,591,Sucre,21606,148.32,1.80%,BOB,2.73,50.30%,$0.71 ,"$40,895,322,865 ",98.20%,,21.8,Santa Cruz de la Sierra,71.2,155,$1.36 ,Spanish,25.90%,1.59,11513100,71.80%,17.00%,83.70%,3.50%,8033035,-16.290154,-63.588653
Bosnia and Herzegovina,64,43.10%,51197,11000,8.11,387,Sarajevo,21848,104.9,0.60%,BAM,1.27,42.70%,$1.05 ,"$20,047,848,435 ",,23.30%,5,Tuzla Canton,77.3,10,$1.04 ,Bosnian,28.60%,2.16,3301000,46.40%,20.40%,23.70%,18.42%,1605144,43.915886,17.679076
Botswana,4,45.60%,581730,9000,24.82,267,Gaborone,6340,149.75,2.80%,BWP,2.87,18.90%,$0.71 ,"$18,340,510,789 ",103.20%,24.90%,30,Gaborone,69.3,144,$0.29 ,English,5.30%,0.37,2346179,70.80%,19.50%,25.10%,18.19%,1616550,-22.328474,24.684866
Brazil,25,33.90%,8515770,730000,13.92,55,Bras���,462299,167.4,3.70%,BRL,1.73,58.90%,$1.02 ,"$1,839,758,040,766 ",115.40%,51.30%,12.8,S����,75.7,60,$1.53 ,Portuguese,28.30%,2.15,212559417,63.90%,14.20%,65.10%,12.08%,183241641,-14.235004,-51.92528
Brunei,83,2.70%,5765,8000,14.9,673,Bandar Seri Begawan,7664,99.03,-0.40%,BND,1.85,72.10%,$0.37 ,"$13,469,422,941 ",103.20%,31.40%,9.8,,75.7,31,,Malay,6.00%,1.61,433285,64.70%,,8.00%,9.12%,337711,4.535277,114.727669
Bulgaria,64,46.30%,110879,31000,8.9,359,Sofia,41708,114.42,3.10%,BGN,1.56,35.40%,$1.11 ,"$86,000,000,000 ",89.30%,71.00%,5.9,Sofia,74.9,10,$1.57 ,Bulgarian,47.70%,4.03,6975761,55.40%,20.20%,28.30%,4.34%,5256027,42.733883,25.48583
Burkina Faso,76,44.20%,274200,11000,37.93,226,Ouagadougou,3418,106.58,-3.20%,XOF,5.19,19.30%,$0.98 ,"$15,745,810,235 ",96.10%,6.50%,49,Ouagadougou,61.2,320,$0.34 ,French,36.10%,0.08,20321378,66.40%,15.00%,41.30%,6.26%,6092349,12.238333,-1.561593
Burundi,463,79.20%,27830,31000,39.01,257,Bujumbura,495,182.11,-0.70%,BIF,5.41,10.90%,$1.21 ,"$3,012,334,882 ",121.40%,6.10%,41,Bujumbura,61.2,548,,Kirundi,19.10%,0.1,11530580,79.20%,13.60%,41.20%,1.43%,1541177,-3.373056,29.918886
Ivory Coast,83,64.80%,322463,27000,35.74,225,Yamoussoukro,9674,111.61,-0.90%,XOF,4.65,32.70%,$0.93 ,"$58,792,205,642 ",99.80%,9.30%,59.4,Abidjan,57.4,617,$0.36 ,French,36.00%,0.23,25716544,57.00%,11.80%,50.10%,3.32%,13176900,7.539989,-5.54708
Cape Verde,138,19.60%,4033,1000,19.49,238,Praia,543,110.5,1.10%,CVE,2.27,22.50%,$1.02 ,"$1,981,845,741 ",104.00%,23.60%,16.7,Praia,72.8,58,$0.68 ,Portuguese,23.20%,0.77,483628,60.50%,20.10%,37.50%,12.25%,364029,16.5388,-23.0418
Cambodia,95,30.90%,181035,191000,22.46,855,Phnom Penh,9919,127.63,2.50%,,2.5,52.90%,$0.90 ,"$27,089,389,787 ",107.40%,13.70%,24,Phnom Penh,69.6,160,,Khmer language,59.40%,0.17,16486542,82.30%,17.10%,23.10%,0.68%,3924621,12.565679,104.990963
Cameroon,56,20.60%,475440,24000,35.39,237,Yaound�,8291,118.65,2.50%,XAF,4.57,39.30%,$1.03 ,"$38,760,467,033 ",103.40%,12.80%,50.6,Douala,58.9,529,$0.35 ,French,69.70%,0.09,25876380,76.10%,12.80%,57.70%,3.38%,14741256,7.369722,12.354722
Canada,4,6.90%,9984670,72000,10.1,1,Ottawa,544894,116.76,1.90%,CAD,1.5,38.20%,$0.81 ,"$1,736,425,629,520 ",100.90%,68.90%,4.3,Toronto,81.9,10,$9.51 ,French,14.60%,2.61,36991981,65.10%,12.80%,24.50%,5.56%,30628482,56.130366,-106.346771
Central African Republic,8,8.20%,622984,8000,35.35,236,Bangui,297,186.86,37.10%,,4.72,35.60%,$1.41 ,"$2,220,307,369 ",102.00%,3.00%,84.5,Bangui,52.8,829,$0.37 ,French,39.60%,0.06,4745185,72.00%,8.60%,73.30%,3.68%,1982064,6.611111,20.939444
Chad,13,39.70%,1284000,35000,42.17,235,N'Djamena,1016,117.7,-1.00%,XAF,5.75,3.80%,$0.78 ,"$11,314,951,343 ",86.80%,3.30%,71.4,N'Djamena,54,1140,$0.60 ,French,56.40%,0.04,15946876,70.70%,,63.50%,1.89%,3712273,15.454166,18.732207
Chile,26,21.20%,756096,122000,12.43,56,Santiago,85822,131.91,2.60%,CLP,1.65,24.30%,$1.03 ,"$282,318,159,745 ",101.40%,88.50%,6.2,Santiago,80,13,$2.00 ,Spanish,32.20%,2.59,18952038,62.60%,18.20%,34.00%,7.09%,16610135,-35.675147,-71.542969
China,153,56.20%,9596960,2695000,10.9,86,Beijing,9893038,125.08,2.90%,CNY,1.69,22.40%,$0.96 ,"$19,910,000,000,000 ",100.20%,50.60%,7.4,Shanghai,77,29,$0.87 ,Standard Chinese,32.40%,1.98,1397715000,68.00%,9.40%,59.20%,4.32%,842933962,35.86166,104.195397
Colombia,46,40.30%,1138910,481000,14.88,57,Bogot�,97814,140.95,3.50%,COP,1.81,52.70%,$0.68 ,"$323,802,808,108 ",114.50%,55.30%,12.2,Bogot�,77.1,83,$1.23 ,Spanish,18.30%,2.18,50339443,68.80%,14.40%,71.20%,9.71%,40827302,4.570868,-74.297333
Comoros,467,71.50%,2235,,31.88,269,"Moroni, Comoros",202,103.62,-4.30%,KMF,4.21,19.70%,,"$1,185,728,677 ",99.50%,9.00%,51.3,"Moroni, Comoros",64.1,273,$0.71 ,French,74.80%,0.27,850886,43.30%,,219.60%,4.34%,248152,-11.6455,43.3333
Republic of the Congo,16,31.10%,342000,12000,32.86,242,Brazzaville,3282,124.74,2.20%,XAF,4.43,65.40%,$0.97 ,"$10,820,591,131 ",106.60%,12.70%,36.2,Brazzaville,64.3,378,$0.88 ,French,43.80%,0.12,5380508,69.40%,9.00%,54.30%,9.47%,3625010,-0.228021,15.827659
Costa Rica,100,34.50%,51100,10000,13.97,506,San Jos������,8023,128.85,2.10%,CRC,1.75,54.60%,$0.98 ,"$61,773,944,174 ",113.30%,55.20%,7.6,San Jos������,80.1,27,$1.84 ,Spanish,21.50%,2.89,5047561,62.10%,13.60%,58.30%,11.85%,4041885,9.748917,-83.753428
Croatia,73,27.60%,56594,18000,9,385,Zagreb,17488,109.82,0.80%,HRK,1.47,34.40%,$1.26 ,"$60,415,553,039 ",96.50%,67.90%,4,Zagreb,78.1,8,$2.92 ,Croatian,15.20%,3,4067500,51.20%,22.00%,20.50%,6.93%,2328318,45.1,15.2
Cuba,106,59.90%,110860,76000,10.17,53,Havana,28284,,,CUP,1.62,31.30%,$1.40 ,"$100,023,000,000 ",101.90%,41.40%,3.7,Havana,78.7,36,$0.05 ,Spanish,,8.42,11333483,53.60%,,,1.64%,8739135,21.521757,-77.781167
Cyprus,131,12.20%,9251,16000,10.46,357,Nicosia,6626,102.51,0.30%,EUR,1.33,18.70%,$1.23 ,"$24,564,647,935 ",99.30%,75.90%,1.9,Statos�������,80.8,6,,Greek,43.90%,1.95,1198575,63.10%,24.50%,22.40%,7.27%,800708,35.126413,33.429859
Czech Republic,139,45.20%,78867,23000,10.7,420,Prague,102218,116.48,2.80%,CZK,1.69,34.60%,$1.17 ,"$246,489,245,495 ",100.70%,64.10%,2.7,Prague,79,3,$3.00 ,Czech,14.80%,4.12,10669709,60.60%,14.90%,46.10%,1.93%,7887156,49.817492,15.472962
Democratic Republic of the Congo,40,11.60%,2344858,134000,41.18,243,Kinshasa,2021,133.85,2.90%,CDF,5.92,67.20%,$1.49 ,"$47,319,624,204 ",108.00%,6.60%,68.2,Kinshasa,60.4,473,$0.18 ,French,37.40%,0.07,86790567,63.50%,10.70%,50.70%,4.24%,39095679,-4.038333,21.758664
Denmark,137,62.00%,43094,15000,10.6,45,Copenhagen,31786,110.35,0.80%,DKK,1.73,14.70%,$1.55 ,"$348,078,018,464 ",101.30%,80.60%,3.6,Copenhagen,81,4,,Danish,13.70%,4.01,5818553,62.20%,32.40%,23.80%,4.91%,5119978,56.26392,9.501785
Djibouti,43,73.40%,23200,13000,21.47,253,Djibouti City,620,120.25,3.30%,DJF,2.73,0.20%,$1.32 ,"$3,318,716,359 ",75.30%,5.30%,49.8,Djibouti City,66.6,248,,French,20.40%,0.22,973560,60.20%,,37.90%,10.30%,758549,11.825138,42.590275
Dominica,96,33.30%,751,,12,1,Roseau,180,103.87,1.00%,XCD,1.9,57.40%,,"$596,033,333 ",114.70%,7.20%,32.9,Roseau,76.6,,$1.48 ,English,28.40%,1.08,71808,,22.10%,32.60%,,50830,15.414999,-61.370976
Dominican Republic,225,48.70%,48670,71000,19.51,1,Santo Domingo,25258,135.5,1.80%,DOP,2.35,41.70%,$1.07 ,"$88,941,298,258 ",105.70%,59.90%,24.1,Santo Domingo,73.9,95,$0.40 ,Spanish,43.70%,1.56,10738958,64.30%,13.00%,48.80%,5.84%,8787475,18.735693,-70.162651
Ecuador,71,22.20%,283561,41000,19.72,593,Quito,41155,124.14,0.30%,USD,2.43,50.20%,$0.61 ,"$107,435,665,000 ",103.30%,44.90%,12.2,Quito,76.8,59,$2.46 ,Spanish,43.70%,2.04,17373662,68.00%,,34.40%,3.97%,11116711,-1.831239,-78.183406
Egypt,103,3.80%,1001450,836000,26.38,20,Cairo,238560,288.57,9.20%,EGP,3.33,0.10%,$0.40 ,"$303,175,127,598 ",106.30%,35.20%,18.1,Cairo,71.8,37,,Modern Standard Arabic,62.00%,0.45,100388073,46.40%,12.50%,44.40%,10.76%,42895824,26.820553,30.802498
El Salvador,313,76.40%,21041,42000,18.25,503,San Salvador,7169,111.23,0.10%,,2.04,12.60%,$0.83 ,"$27,022,640,000 ",94.80%,29.40%,11.8,San Salvador,73.1,46,$0.50 ,Spanish,27.90%,1.57,6453553,59.10%,18.10%,36.40%,4.11%,4694702,13.794185,-88.89653
Equatorial Guinea,50,10.10%,28051,1000,33.24,240,Malabo,5655,124.35,1.20%,XAF,4.51,55.50%,,"$11,026,774,945 ",61.80%,1.90%,62.6,Malabo,58.4,301,$1.05 ,Spanish,72.00%,0.4,1355986,62.00%,6.10%,79.40%,6.43%,984812,1.650801,10.267895
Eritrea,35,75.20%,117600,202000,30.3,291,Asmara,711,,,ERN,4.06,14.90%,$2.00 ,"$2,065,001,626 ",68.40%,3.40%,31.3,Asmara,65.9,480,,Tigrinya,52.40%,0.06,6333135,78.40%,,83.70%,5.14%,1149670,15.179384,39.782334
Estonia,31,23.10%,45228,6000,10.9,372,Tallinn,16590,122.14,2.30%,EUR,1.59,51.30%,$1.14 ,"$31,386,949,981 ",97.20%,69.60%,2.1,Tallinn,78.2,9,$3.14 ,Estonian,22.80%,4.48,1331824,63.60%,20.90%,47.80%,5.11%,916024,58.595272,25.013607
Eswatini,67,,17364,,,268,Mbabane,,,,,,,,"$3,791,304,348 ",,,,Mbabane,,,,English,11.30%,,1093238,,28.60%,,,,-26.522503,31.465866
Ethiopia,115,36.30%,1104300,138000,32.34,251,Addis Ababa,14870,143.86,15.80%,ETB,4.25,12.50%,$0.75 ,"$96,107,662,398 ",101.00%,8.10%,39.1,Addis Ababa,66.2,401,,Amharic,37.80%,0.08,112078730,79.60%,7.50%,37.70%,2.08%,23788710,9.145,40.489673
Fiji,49,23.30%,18274,4000,21.28,679,Suva,2046,132.3,1.80%,FJD,2.77,55.90%,$0.82 ,"$5,535,548,972 ",106.40%,16.10%,21.6,Suva,67.3,34,$1.28 ,Fiji Hindi,21.40%,0.84,889953,57.60%,24.20%,32.10%,4.10%,505048,-17.713371,178.065032
Finland,18,7.50%,338145,25000,8.6,358,Helsinki,45871,112.33,1.00%,EUR,1.41,73.10%,$1.45 ,"$268,761,201,365 ",100.20%,88.20%,1.4,Helsinki,81.7,3,,Swedish,19.90%,3.81,5520314,59.10%,20.80%,36.60%,6.59%,4716888,61.92411,25.748151
France,119,52.40%,643801,307000,11.3,33,Paris,303276,110.05,1.10%,EUR,1.88,31.20%,$1.39 ,"$2,715,518,274,227 ",102.50%,65.60%,3.4,Paris,82.5,8,$11.16 ,French,6.80%,3.27,67059887,55.10%,24.20%,60.70%,8.43%,54123364,46.227638,2.213749
Gabon,9,20.00%,267667,7000,31.61,241,Libreville,5321,122.19,2.10%,XAF,3.97,90.00%,$0.92 ,"$16,657,960,228 ",139.90%,8.30%,32.7,Libreville,66.2,252,$1.46 ,French,25.90%,0.68,2172579,52.90%,10.20%,47.10%,20.00%,1949694,-0.803689,11.609444
The Gambia,239,59.80%,11300,1000,38.54,220,Banjul,532,172.73,7.10%,GMD,5.22,48.40%,$1.18 ,"$1,763,819,048 ",98.00%,2.70%,39,Serekunda,61.7,597,$0.13 ,English,20.30%,0.1,2347706,59.40%,9.40%,48.40%,9.06%,1453958,13.443182,-15.310139
Georgia,57,34.50%,69700,26000,13.47,995,Tbilisi,10128,133.61,4.90%,GEL,2.06,40.60%,$0.76 ,"$17,743,195,770 ",98.60%,63.90%,8.7,Tbilisi,73.6,25,$0.05 ,Georgian,57.30%,7.12,3720382,68.30%,21.70%,9.90%,14.40%,2196476,42.315407,43.356892
Germany,240,47.70%,357022,180000,9.5,49,Berlin,727973,112.85,1.40%,EUR,1.56,32.70%,$1.39 ,"$3,845,630,030,824 ",104.00%,70.20%,3.1,Berlin,80.9,7,$9.99 ,German,12.50%,4.25,83132799,60.80%,11.50%,48.80%,3.04%,64324835,51.165691,10.451526
Ghana,137,69.00%,238533,16000,29.41,233,Accra,16670,268.36,7.20%,GHS,3.87,41.20%,$0.92 ,"$66,983,634,224 ",104.80%,15.70%,34.9,Accra,63.8,308,$0.27 ,English,36.10%,0.14,30792608,67.80%,12.60%,55.40%,4.33%,17249054,7.946527,-1.023194
Greece,81,47.60%,131957,146000,8.1,30,Athens,62434,101.87,0.20%,EUR,1.35,31.70%,$1.54 ,"$209,852,761,469 ",99.60%,136.60%,3.6,Macedonia,81.3,3,$4.46 ,Greek,35.50%,5.48,10716322,51.80%,26.20%,51.90%,17.24%,8507474,39.074208,21.824312
Grenada,331,23.50%,349,,16.47,1,"St. George's, Grenada",268,107.43,0.80%,XCD,2.06,50.00%,$1.12 ,"$1,228,170,370 ",106.90%,104.60%,13.7,"St. George's, Grenada",72.4,25,,English,57.00%,1.41,112003,,19.40%,47.80%,,40765,12.1165,-61.679
Guatemala,167,36.00%,108889,43000,24.56,502,Guatemala City,16777,142.92,3.70%,GTQ,2.87,32.70%,$0.79 ,"$76,710,385,880 ",101.90%,21.80%,22.1,Guatemala City,74.1,95,$1.60 ,Spanish,55.80%,0.35,16604026,62.30%,10.60%,35.20%,2.46%,8540945,15.783471,-90.230759
Guinea,53,59.00%,245857,13000,36.36,224,Conakry,2996,262.95,9.50%,GNF,4.7,25.80%,$0.90 ,"$13,590,281,809 ",91.50%,11.60%,64.9,Kankan,61.2,576,,French,54.50%,0.08,12771246,61.50%,10.80%,69.30%,4.30%,4661505,9.945587,-9.696645
Guinea-Bissau,70,58.00%,36125,4000,35.13,245,Bissau,293,111.65,1.40%,XOF,4.48,69.80%,,"$1,340,389,411 ",118.70%,2.60%,54,Bissau,58,667,$0.16 ,Portuguese,37.20%,0.13,1920922,72.00%,10.30%,45.50%,2.47%,840922,11.803749,-15.180413
Guyana,4,8.60%,214969,3000,19.97,592,"Georgetown, Guyana",2384,116.19,2.10%,GYD,2.46,83.90%,$0.90 ,"$4,280,443,645 ",97.80%,11.60%,25.1,"Georgetown, Guyana",69.8,169,$0.98 ,English,40.50%,0.8,782766,56.20%,,30.60%,11.85%,208912,4.860416,-58.93018
Haiti,414,66.80%,27750,0,24.35,509,Port-au-Prince,2978,179.29,12.50%,HTG,2.94,3.50%,$0.81 ,"$8,498,981,821 ",113.60%,1.10%,49.5,Port-au-Prince,63.7,480,$0.25 ,French,36.30%,0.23,11263077,67.20%,,42.70%,13.78%,6328948,18.971187,-72.285215
Vatican City,2003,,0,,,379,Vatican City,,,,EUR,,,,,,,,,,,,Italian,,,836,,,,,,41.902916,12.453389
Honduras,89,28.90%,112090,23000,21.6,504,Tegucigalpa,9813,150.34,4.40%,HNL,2.46,40.00%,$0.98 ,"$25,095,395,475 ",91.50%,26.20%,15.1,Tegucigalpa,75.1,65,$1.01 ,Spanish,49.10%,0.31,9746117,68.80%,17.30%,39.10%,5.39%,5626433,15.199999,-86.241905
Hungary,107,58.40%,93028,40000,9.6,36,Budapest,45537,121.64,3.30%,HUF,1.54,22.90%,$1.18 ,"$160,967,157,504 ",100.80%,48.50%,3.6,Budapest,75.8,12,$2.62 ,Hungarian,29.00%,3.41,9769949,56.50%,23.00%,37.90%,3.40%,6999582,47.162494,19.503304
Iceland,3,18.70%,103000,0,12,354,Reykjav��,2065,129,3.00%,ISK,1.71,0.50%,$1.69 ,"$24,188,035,739 ",100.40%,71.80%,1.5,Reykjav��,82.7,4,,Icelandic,17.00%,4.08,361313,75.00%,23.30%,31.90%,2.84%,339110,64.963051,-19.020835
India,464,60.40%,3287263,3031000,17.86,91,New Delhi,2407672,180.44,7.70%,INR,2.22,23.80%,$0.97 ,"$2,611,000,000,000 ",113.00%,28.10%,29.9,Kurebhar,69.4,145,$0.30 ,Hindi,65.10%,0.86,1366417754,49.30%,11.20%,49.70%,5.36%,471031528,20.593684,78.96288
Indonesia,151,31.50%,1904569,676000,18.07,62,Jakarta,563325,151.18,3.00%,IDR,2.31,49.90%,$0.63 ,"$1,119,190,780,753 ",106.40%,36.30%,21.1,Kalimantan,71.5,177,$0.48 ,Indonesian,48.30%,0.43,270203917,67.50%,10.20%,30.10%,4.69%,151509724,-0.789275,113.921327
Iran,52,28.20%,1648195,563000,18.78,98,Tehran,661710,550.93,39.90%,IRR,2.14,6.60%,$0.40 ,"$445,345,282,123 ",110.70%,68.10%,12.4,Tehran,76.5,16,$1.58 ,Persian,39.70%,1.58,82913906,44.70%,7.40%,44.70%,11.38%,62509623,32.427908,53.688046
Iraq,93,21.40%,438317,209000,29.08,964,Baghdad,190061,119.86,0.40%,IQD,3.67,1.90%,$0.61 ,"$234,094,042,939 ",108.70%,16.20%,22.5,Baghdad,70.5,79,$1.24 ,Arabic,76.50%,0.71,39309783,43.00%,2.00%,30.80%,12.82%,27783368,33.223191,43.679291
Republic of Ireland,72,64.50%,70273,9000,12.5,353,Dublin,37711,106.58,0.90%,EUR,1.75,11.00%,$1.37 ,"$388,698,711,348 ",100.90%,77.80%,3.1,Connacht,82.3,5,$10.79 ,Irish,15.20%,3.31,5007069,62.10%,18.30%,26.10%,4.93%,3133123,53.41291,-8.24389
Israel,400,24.60%,20770,178000,20.8,972,Jerusalem,65166,108.15,0.80%,ILS,3.09,7.70%,$1.57 ,"$395,098,666,122 ",104.90%,63.40%,3,Jerusalem,82.8,3,$7.58 ,Hebrew,24.40%,4.62,9053300,64.00%,23.10%,25.30%,3.86%,8374393,31.046051,34.851612
Italy,206,43.20%,301340,347000,7.3,39,Rome,320411,110.62,0.60%,EUR,1.29,31.80%,$1.61 ,"$2,001,244,392,042 ",101.90%,61.90%,2.6,Rome,82.9,2,,Italian,22.80%,3.98,60297396,49.60%,24.30%,59.10%,9.89%,42651966,41.87194,12.56738
Jamaica,273,41.00%,10991,4000,16.1,1876,"Kingston, Jamaica",8225,162.47,3.90%,JMD,1.98,30.90%,$1.11 ,"$16,458,071,068 ",91.00%,27.10%,12.4,"Kingston, Jamaica",74.4,80,$1.33 ,Jamaican English,23.70%,1.31,2948279,66.00%,26.80%,35.10%,8.00%,1650594,18.109581,-77.297508
Japan,347,12.30%,377944,261000,7.4,81,Tokyo,1135886,105.48,0.50%,,1.42,68.50%,$1.06 ,"$5,081,769,542,380 ",98.80%,63.20%,1.8,Tokyo,84.2,5,$6.77 ,None,13.10%,2.41,126226568,61.70%,11.90%,46.70%,2.29%,115782416,36.204824,138.252924
Jordan,115,12.00%,89342,116000,21.98,962,Amman,25108,125.6,0.80%,JOD,2.76,1.10%,$1.10 ,"$43,743,661,972 ",81.50%,34.40%,13.9,Amman,74.4,46,$1.49 ,Arabic,25.10%,2.32,10101694,39.30%,15.10%,28.60%,14.72%,9213048,30.585164,36.238414
Kazakhstan,7,80.40%,2724900,71000,21.77,7,Astana,247207,182.75,5.20%,KZT,2.84,1.20%,$0.42 ,"$180,161,741,180 ",104.40%,61.70%,8.8,Almaty,73.2,10,$0.41 ,Russian,38.80%,3.25,18513930,68.80%,11.70%,28.40%,4.59%,10652915,48.019573,66.923684
Kenya,94,48.50%,580367,29000,28.75,254,Nairobi,17910,180.51,4.70%,KES,3.49,7.80%,$0.95 ,"$95,503,088,538 ",103.20%,11.50%,30.6,Nairobi,66.3,342,$0.25 ,Swahili,33.40%,0.16,52573973,74.70%,15.10%,37.20%,2.64%,14461523,-0.023559,37.906193
Kiribati,147,42.00%,811,,27.89,686,South Tarawa,66,99.55,0.60%,AUD,3.57,15.00%,,"$194,647,202 ",101.30%,,41.2,South Tarawa,68.1,92,,English,0.20%,0.2,117606,,22.00%,32.70%,,64489,1.8368976,-157.3768317
Kuwait,240,8.40%,17818,25000,13.94,965,Kuwait City,98734,126.6,1.10%,KWD,2.08,0.40%,$0.35 ,"$134,761,198,946 ",92.40%,54.40%,6.7,Kuwait City,75.4,12,$0.95 ,Modern Standard Arabic,14.40%,2.58,4207083,73.50%,1.40%,13.00%,2.18%,4207083,29.31166,47.481766
Kyrgyzstan,34,55.00%,199951,21000,27.1,996,Bishkek,9787,155.68,1.10%,KGS,3.3,3.30%,$0.56 ,"$8,454,619,608 ",107.60%,41.30%,16.9,Bishkek,71.4,60,$0.09 ,Russian,48.20%,1.88,6456900,59.80%,18.00%,29.00%,6.33%,2362644,41.20438,74.766098
Laos,32,10.30%,236800,129000,23.55,856,Vientiane,17763,135.87,3.30%,LAK,2.67,82.10%,$0.93 ,"$18,173,839,128 ",102.40%,15.00%,37.6,Vientiane,67.6,185,$0.83 ,Lao,45.40%,0.37,7169455,78.50%,12.90%,24.10%,0.63%,2555552,19.85627,102.495496
Latvia,30,31.10%,64589,6000,10,371,Riga,7004,116.86,2.80%,EUR,1.6,54.00%,$1.16 ,"$34,117,202,555 ",99.40%,88.10%,3.3,Riga,74.7,19,$2.80 ,Latvian,41.60%,3.19,1912789,61.40%,22.90%,38.10%,6.52%,1304943,56.879635,24.603189
Lebanon,667,64.30%,10400,80000,17.55,961,Beirut,24796,130.02,3.00%,LBP,2.09,13.40%,$0.74 ,"$53,367,042,272 ",95.10%,26.30%,6.4,"Tripoli, Lebanon",78.9,29,$2.15 ,Arabic,32.10%,2.1,6855713,47.00%,15.30%,32.20%,6.23%,6084994,33.854721,35.862285
Lesotho,71,77.60%,30355,2000,26.81,266,Maseru,2512,155.86,5.20%,,3.14,1.60%,$0.70 ,"$2,460,072,444 ",120.90%,10.20%,65.7,Maseru,53.7,544,$0.41 ,English,16.90%,0.07,2125268,67.90%,31.60%,13.60%,23.41%,607508,-29.609988,28.233608
Liberia,53,28.00%,111369,2000,33.04,231,Monrovia,1386,223.13,23.60%,,4.32,43.10%,$0.80 ,"$3,070,518,100 ",85.10%,11.90%,53.5,Monrovia,63.7,661,$0.17 ,English,19.60%,0.04,4937374,76.30%,12.90%,46.20%,2.81%,2548426,6.428055,-9.429499
Libya,4,8.70%,1759540,0,18.83,218,,50564,125.71,2.60%,LYD,2.24,0.10%,$0.11 ,"$52,076,250,948 ",109.00%,60.50%,10.2,,72.7,72,$1.88 ,Arabic,36.70%,2.09,6777452,49.70%,,32.60%,18.56%,5448597,26.3351,17.228331
Liechtenstein,238,32.20%,160,,9.9,423,Vaduz,51,,,CHF,1.44,43.10%,$1.74 ,"$6,552,858,739 ",104.70%,35.60%,,Schaan,83,,,German,,,38019,,,21.60%,,5464,47.1410392,9.520935
Lithuania,43,47.20%,65300,34000,10,370,Vilnius,12963,118.38,2.30%,EUR,1.63,34.80%,$1.16 ,"$54,219,315,600 ",103.90%,72.40%,3.3,Vilnius,75.7,8,$2.41 ,Lithuanian,32.10%,6.35,2786844,61.60%,16.90%,42.60%,6.35%,1891013,55.169438,23.881275
Luxembourg,242,53.70%,2586,2000,10.3,352,Luxembourg City,8988,115.09,1.70%,EUR,1.37,35.70%,$1.19 ,"$71,104,919,108 ",102.30%,19.20%,1.9,Luxembourg City,82.1,5,$13.05 ,Luxembourgish,10.60%,3.01,645397,59.30%,26.50%,20.40%,5.36%,565488,49.815273,6.129583
Madagascar,48,71.20%,587041,22000,32.66,261,Antananarivo,3905,184.33,5.60%,MGA,4.08,21.40%,$1.11 ,"$14,083,906,357 ",142.50%,5.40%,38.2,Antananarivo,66.7,335,$0.21 ,French,21.70%,0.18,26969307,86.10%,10.20%,38.30%,1.76%,10210849,-18.766947,46.869107
Malawi,203,61.40%,118484,15000,34.12,265,Lilongwe,1298,418.34,9.40%,MWK,4.21,33.20%,$1.15 ,"$7,666,704,427 ",142.50%,0.80%,35.3,Lilongwe,63.8,349,$0.12 ,English,11.00%,0.04,18628747,76.70%,17.30%,34.50%,5.65%,3199301,-13.254308,34.301525
Malaysia,99,26.30%,329847,136000,16.75,60,Kuala Lumpur,248289,121.46,0.70%,MYR,2,67.60%,$0.45 ,"$364,701,517,788 ",105.30%,45.10%,6.7,Johor Bahru,76,29,$0.93 ,Malaysian language,36.70%,1.51,32447385,64.30%,12.00%,38.70%,3.32%,24475766,4.210484,101.975766
Maldives,1802,26.30%,298,5000,14.2,960,Mal�,1445,99.7,0.20%,,1.87,3.30%,$1.63 ,"$5,729,248,472 ",97.10%,31.20%,7.4,Mal�,78.6,53,,Divehi,16.40%,4.56,530953,69.80%,19.50%,30.20%,6.14%,213645,3.202778,73.22068
Mali,17,33.80%,1240192,18000,41.54,223,Bamako,3179,108.73,-1.70%,XOF,5.88,3.80%,$1.12 ,"$17,510,141,171 ",75.60%,4.50%,62,Bamako,58.9,562,$0.23 ,French,46.30%,0.13,19658031,70.80%,11.60%,54.50%,7.22%,8479688,17.570692,-3.996166
Malta,1380,32.40%,316,2000,9.2,356,Valletta,1342,113.45,1.60%,EUR,1.23,1.10%,$1.36 ,"$14,786,156,563 ",105.00%,54.30%,6.1,Birkirkara,82.3,6,$5.07 ,Maltese,37.10%,2.86,502653,56.50%,26.20%,44.00%,3.47%,475902,35.937496,14.375416
Marshall Islands,329,63.90%,181,,29.03,692,Majuro,143,,,USD,4.05,70.20%,$1.44 ,"$221,278,000 ",84.70%,23.70%,27.4,Majuro,65.2,,$2.00 ,Marshallese,10.00%,0.42,58791,,17.80%,65.90%,,45514,7.131474,171.184478
Mauritania,5,38.50%,1030700,21000,33.69,222,Nouakchott,2739,135.02,2.30%,MRU,4.56,0.20%,$1.13 ,"$7,593,752,450 ",99.90%,5.00%,51.5,Nouakchott,64.7,766,$0.53 ,Arabic,48.20%,0.19,4525696,45.90%,,67.00%,9.55%,2466821,21.00789,-10.940835
Mauritius,626,42.40%,2040,3000,10.2,230,Port Louis,4349,129.91,0.40%,MUR,1.41,19.00%,$1.12 ,"$14,180,444,557 ",101.10%,40.60%,13.6,Port Louis,74.4,61,$0.38 ,French,50.70%,2.53,1265711,58.30%,19.10%,22.20%,6.67%,515980,-20.348404,57.552152
Mexico,66,54.60%,1964375,336000,17.6,52,Mexico City,486406,141.54,3.60%,MXN,2.13,33.90%,$0.73 ,"$1,258,286,717,125 ",105.80%,40.20%,11,Mexico City,75,33,$0.49 ,None,41.40%,2.38,126014024,60.70%,13.10%,55.10%,3.42%,102626859,23.634501,-102.552784
Federated States of Micronesia,784,31.40%,702,,22.82,691,Palikir,143,112.1,0.50%,USD,3.05,91.90%,,"$401,932,279 ",97.20%,14.10%,25.6,Palikir,67.8,88,,English,2.50%,0.18,113815,,25.20%,60.50%,,25963,7.425554,150.550812
Moldova,123,74.20%,33851,7000,10.1,373,Chi����,5115,166.2,4.80%,MDL,1.26,12.60%,$0.80 ,"$11,955,435,457 ",90.60%,39.80%,13.6,Chi����,71.8,19,$0.31 ,Romanian,46.20%,3.21,2657637,43.10%,17.70%,38.70%,5.47%,1135502,47.411631,28.369885
Monaco,26337,,2,,5.9,377,Monaco City,,,,EUR,,,$2.00 ,"$7,184,844,193 ",,,2.6,Monaco City,,,$11.72 ,French,6.10%,6.56,38964,,,,,38964,43.7384176,7.4246158
Mongolia,2,71.50%,1564116,18000,24.13,976,Ulaanbaatar,25368,195.76,7.30%,MNT,2.9,8.00%,$0.72 ,"$13,852,850,259 ",104.00%,65.60%,14,Ulaanbaatar,69.7,45,$0.65 ,Mongolian,39.30%,2.86,3225167,59.70%,16.80%,25.70%,6.01%,2210626,46.862496,103.846656
Montenegro,47,19.00%,13812,12000,11.73,382,Podgorica,2017,116.32,2.60%,EUR,1.75,61.50%,$1.16 ,"$5,494,736,901 ",100.00%,56.10%,2.3,Podgorica,76.8,6,$1.23 ,Montenegrin language,31.80%,2.76,622137,54.40%,,22.20%,14.88%,417765,42.708678,19.37439
Morocco,83,68.50%,446550,246000,18.94,212,Rabat,61276,111.07,0.20%,MAD,2.42,12.60%,$0.99 ,"$118,725,279,596 ",113.90%,35.90%,19.2,Casablanca,76.5,70,$1.60 ,Arabic,53.10%,0.73,36910560,45.30%,21.90%,45.80%,9.02%,22975026,31.791702,-7.09262
Mozambique,40,63.50%,799380,11000,37.52,258,Maputo,7943,182.31,2.80%,MZN,4.85,48.00%,$0.65 ,"$14,934,159,926 ",112.60%,7.30%,54,Maputo,60.2,289,$0.27 ,Portuguese,6.80%,0.08,30366036,78.10%,0.00%,36.10%,3.24%,11092106,-18.665695,35.529562
Myanmar,83,19.50%,676578,513000,17.55,95,Naypyidaw,25280,168.18,8.80%,MMK,2.15,43.60%,$0.54 ,"$76,085,852,617 ",112.30%,18.80%,36.8,Yangon,66.9,250,$0.39 ,Burmese,73.90%,0.68,54045420,61.70%,5.40%,31.20%,1.58%,16674093,21.916221,95.955974
Namibia,3,47.10%,824292,16000,28.64,264,Windhoek,4228,157.97,3.70%,,3.4,8.30%,$0.76 ,"$12,366,527,719 ",124.20%,22.90%,29,Windhoek,63.4,195,,English,8.30%,0.42,2494530,59.50%,27.10%,20.70%,20.27%,1273258,-22.95764,18.49041
Nauru,541,,21,,,674,Yaren District,,,,AUD,,,,"$133,000,000 ",,,,,,,,English,,,10084,,,,,,-0.522778,166.931503
Nepal,203,28.70%,147181,112000,19.89,977,Kathmandu,9105,188.73,5.60%,NPR,1.92,25.40%,$0.91 ,"$30,641,380,604 ",142.10%,12.40%,26.7,Kathmandu,70.5,186,$0.36 ,Nepali,60.40%,0.75,28608710,83.80%,20.70%,41.80%,1.41%,5765513,28.394857,84.124008
Netherlands,508,53.30%,41543,41000,9.7,31,Amsterdam,170780,115.91,2.60%,,1.59,11.20%,$1.68 ,"$909,070,395,161 ",104.20%,85.00%,3.3,Amsterdam,81.8,5,$10.29 ,Dutch,12.30%,3.61,17332850,63.60%,23.00%,41.20%,3.20%,15924729,52.132633,5.291266
New Zealand,18,40.50%,268838,9000,11.98,64,Wellington,34382,114.24,1.60%,NZD,1.71,38.60%,$1.40 ,"$206,928,765,544 ",100.00%,82.00%,4.7,Auckland,81.9,9,$11.49 ,English,12.60%,3.59,4841000,69.90%,29.00%,34.60%,4.07%,4258860,-40.900557,174.885971
Nicaragua,55,42.10%,130370,12000,20.64,505,Managua,5592,162.74,5.40%,NIO,2.4,25.90%,$0.91 ,"$12,520,915,291 ",120.60%,17.40%,15.7,Managua,74.3,98,$0.54 ,Spanish,36.00%,0.98,6545502,66.40%,15.60%,60.60%,6.84%,3846137,12.865416,-85.207229
Niger,19,36.10%,1267000,10000,46.08,227,Niamey,2017,109.32,-2.50%,XOF,6.91,0.90%,$0.88 ,"$12,928,145,120 ",74.70%,4.40%,48,Niamey,62,509,$0.29 ,French,52.30%,0.04,23310715,72.00%,11.80%,47.20%,0.47%,3850231,17.607789,8.081666
Nigeria,226,77.70%,923768,215000,37.91,234,Abuja,120369,267.51,11.40%,NGN,5.39,7.20%,$0.46 ,"$448,120,428,859 ",84.70%,10.20%,75.7,Lagos,54.3,917,$0.54 ,English,72.20%,0.38,200963599,52.90%,1.50%,34.80%,8.10%,102806948,9.081999,8.675277
North Korea,214,21.80%,120538,1469000,13.89,850,Pyongyang,28284,,,KPW,1.9,40.70%,$0.58 ,"$32,100,000,000 ",112.80%,27.00%,13.7,Pyongyang,72.1,89,,Korean,,3.67,25666161,80.40%,,,2.74%,15947412,40.339852,127.510093
North Macedonia,83,,25713,,,389,Skopje,,,,MKD,,,,"$10,220,781,069 ",,,,Skopje,,,,Macedonian,35.60%,,1836713,,,,,,41.608635,21.745275
Norway,15,2.70%,323802,23000,10.4,47,Oslo,41023,120.27,2.20%,NOK,1.56,33.20%,$1.78 ,"$403,336,363,636 ",100.30%,82.00%,2.1,Oslo,82.8,2,,Norwegian,14.30%,2.92,5347896,63.80%,23.90%,36.20%,3.35%,4418218,60.472024,8.468946
Oman,16,4.60%,309500,47000,19.19,968,Muscat,63457,113.53,0.10%,OMR,2.89,0.00%,$0.45 ,"$76,983,094,928 ",103.40%,38.00%,9.8,Seeb,77.6,19,$4.33 ,Arabic,6.40%,2,5266535,72.40%,2.50%,27.40%,2.67%,4250777,21.4735329,55.975413
Pakistan,287,47.80%,796095,936000,28.25,92,Islamabad,201150,182.32,10.60%,PKR,3.51,1.90%,$0.79 ,"$304,400,000,000 ",94.30%,9.00%,57.2,Karachi,67.1,140,$0.69 ,Urdu,66.50%,0.98,216565318,52.60%,9.20%,33.90%,4.45%,79927762,30.375321,69.345116
Palau,39,10.90%,459,,14,680,Ngerulmud,224,118.17,1.30%,USD,2.21,87.60%,,"$283,994,900 ",112.60%,54.70%,16.6,Koror,69.1,,$3.00 ,English,21.80%,1.18,18233,,21.30%,76.60%,,14491,7.51498,134.58252
Palestinian National Authority,847,,,,,,,,,,,,,,,,,,,,,,Arabic,,,,,,,,,31.952162,35.233154
Panama,58,30.40%,75420,26000,18.98,507,Panama City,10715,122.07,-0.40%,,2.46,61.90%,$0.74 ,"$66,800,800,000 ",94.40%,47.80%,13.1,Panama City,78.3,52,$1.53 ,Spanish,30.50%,1.57,4246439,66.60%,,37.20%,3.90%,2890084,8.537981,-80.782127
Papua New Guinea,20,2.60%,462840,4000,27.07,675,Port Moresby,7536,155.99,3.60%,PGK,3.56,74.10%,$1.36 ,"$24,969,611,435 ",108.50%,1.80%,38,Port Moresby,64.3,145,$1.16 ,Tok Pisin,5.80%,0.07,8776109,47.20%,13.60%,37.10%,2.46%,1162834,-6.314993,143.95555
Paraguay,18,55.10%,406752,27000,20.57,595,Asunci��,7407,143.82,2.80%,PYG,2.43,37.70%,$1.04 ,"$38,145,288,940 ",104.40%,34.60%,17.2,Ciudad del Este,74.1,129,$1.55 ,Spanish,36.50%,1.35,7044636,72.10%,10.00%,35.00%,4.81%,4359150,-23.442503,-58.443832
Peru,26,18.50%,1285216,158000,17.95,51,Lima,57414,129.78,2.10%,PEN,2.25,57.70%,$0.99 ,"$226,848,050,820 ",106.90%,70.70%,11.1,Lima,76.5,88,$1.28 ,Spanish,30.90%,1.27,32510453,77.60%,14.30%,36.80%,3.31%,25390339,-9.189967,-75.015152
Philippines,368,41.70%,300000,153000,20.55,63,Manila,122287,129.61,2.50%,PHP,2.58,27.80%,$0.86 ,"$376,795,508,680 ",107.50%,35.50%,22.5,Manila,71.1,121,$1.12 ,English,53.50%,0.6,108116615,59.60%,14.00%,43.10%,2.15%,50975903,12.879721,121.774017
Poland,124,46.90%,312685,191000,10.2,48,Warsaw,299037,114.11,2.20%,PLN,1.46,30.90%,$1.07 ,"$592,164,400,688 ",100.00%,67.80%,3.8,Warsaw,77.6,2,$2.93 ,Polish,23.20%,2.38,37970874,56.70%,17.40%,40.80%,3.47%,22796574,51.919438,19.145136
Portugal,111,39.50%,92212,52000,8.5,351,Lisbon,48742,110.62,0.30%,EUR,1.38,34.60%,$1.54 ,"$237,686,075,635 ",106.20%,63.90%,3.1,Lisbon,81.3,8,$3.78 ,Portuguese,27.70%,5.12,10269417,58.80%,22.80%,39.80%,6.33%,6753579,39.399872,-8.224454
Qatar,248,5.80%,11586,22000,9.54,974,Doha,103259,115.38,-0.70%,QAR,1.87,0.00%,$0.40 ,"$183,466,208,791 ",103.80%,17.90%,5.8,Doha,80.1,9,,Arabic,6.20%,2.49,2832067,86.80%,14.70%,11.30%,0.09%,2809071,25.354826,51.183884
Romania,84,58.80%,238391,126000,9.6,40,Bucharest,69259,123.78,3.80%,RON,1.71,30.10%,$1.16 ,"$250,077,444,017 ",85.20%,49.40%,6.1,Bucharest,75.4,19,$2.25 ,Romanian,21.30%,2.98,19356544,54.70%,14.60%,20.00%,3.98%,10468793,45.943161,24.96676
Russia,9,13.30%,17098240,1454000,11.5,7,Moscow,1732027,180.75,4.50%,RUB,1.57,49.80%,$0.59 ,"$1,699,876,578,871 ",102.60%,81.90%,6.1,Moscow,72.7,17,$0.53 ,Russian,36.40%,4.01,144373535,61.80%,11.40%,46.20%,4.59%,107683889,61.52401,105.318756
Rwanda,525,73.40%,26338,35000,31.7,250,Kigali,1115,151.09,3.40%,RWF,4.04,19.70%,$1.17 ,"$10,122,472,590 ",133.00%,6.70%,27,Kigali,68.7,248,,Swahili,26.00%,0.13,12626950,83.70%,14.30%,33.20%,1.03%,2186104,-1.940278,29.873888
Saint Kitts and Nevis,205,23.10%,261,,12.6,1,Basseterre,238,104.57,-1.00%,XCD,2.11,42.30%,,"$1,050,992,593 ",108.70%,86.70%,9.8,Basseterre,71.3,,$3.33 ,English,56.60%,2.52,52823,,18.50%,49.70%,,16269,17.357822,-62.782998
Saint Lucia,301,17.40%,616,,12,1,Castries,414,110.13,1.90%,XCD,1.44,33.20%,$1.30 ,"$2,122,450,630 ",102.60%,14.10%,14.9,Castries,76.1,117,,English,48.40%,0.64,182790,67.10%,18.20%,34.70%,20.71%,34280,13.909444,-60.978893
Saint Vincent and the Grenadines,284,25.60%,389,,14.24,1,Kingstown,220,109.67,2.30%,XCD,1.89,69.20%,,"$825,385,185 ",113.40%,23.70%,14.8,Calliaqua,72.4,68,$1.16 ,English,21.40%,0.66,100455,65.90%,25.40%,37.00%,18.88%,58185,12.984305,-61.287228
Samoa,70,12.40%,2831,,24.38,685,Apia,246,117.56,1.00%,WST,3.88,60.40%,$0.91 ,"$850,655,017 ",110.50%,7.60%,13.6,Apia,73.2,43,$0.78 ,Samoan,11.50%,0.34,202506,43.70%,25.50%,19.30%,8.36%,35588,-13.759029,-172.104629
San Marino,566,16.70%,61,,6.8,378,City of San Marino,,110.63,1.00%,EUR,1.26,0.00%,,"$1,637,931,034 ",108.10%,42.50%,1.7,City of San Marino,85.4,,,Italian,18.30%,6.11,33860,,18.10%,36.20%,,32969,43.94236,12.457777
S�����������,228,50.70%,964,1000,31.54,239,S����,121,185.09,7.90%,STN,4.32,55.80%,,"$429,016,605 ",106.80%,13.40%,24.4,S����,70.2,130,,,11.70%,0.05,215056,57.80%,14.60%,37.00%,13.37%,158277,,
Saudi Arabia,16,80.80%,2149690,252000,17.8,966,Riyadh,563449,118.4,-1.20%,SAR,2.32,0.50%,$0.24 ,"$792,966,838,162 ",99.80%,68.00%,6,Riyadh,75,17,$3.85 ,Arabic,15.00%,2.61,34268528,55.90%,8.90%,15.70%,5.93%,28807838,23.885942,45.079162
Senegal,87,46.10%,196722,19000,34.52,221,Dakar,10902,109.25,1.80%,XOF,4.63,42.80%,$1.14 ,"$23,578,084,052 ",81.00%,12.80%,31.8,Pikine,67.7,315,$0.31 ,French,44.20%,0.07,16296364,45.70%,16.30%,44.80%,6.60%,7765706,14.497401,-14.452362
Serbia,100,39.30%,77474,32000,9.2,381,Belgrade,45221,144,1.80%,RSD,1.49,31.10%,$1.16 ,"$51,409,167,351 ",100.30%,67.20%,4.8,Belgrade,75.5,12,$1.57 ,Serbian,40.60%,3.11,6944975,54.90%,18.60%,36.60%,12.69%,3907243,44.016521,21.005859
Seychelles,214,3.40%,455,0,17.1,248,"Victoria, Seychelles",605,129.96,1.80%,SCR,2.41,88.40%,,"$1,698,843,063 ",100.40%,17.10%,12.4,"Victoria, Seychelles",72.8,53,$2.00 ,French,2.50%,0.95,97625,,34.10%,30.10%,,55762,-4.679574,55.491977
Sierra Leone,111,54.70%,71740,9000,33.41,232,Freetown,1093,234.16,14.80%,SLL,4.26,43.10%,$1.08 ,"$3,941,474,311 ",112.80%,2.00%,78.5,Freetown,54.3,1120,$0.57 ,English,38.20%,0.03,7813215,57.90%,8.60%,30.70%,4.43%,3319366,8.460555,-11.779889
Singapore,8358,0.90%,716,81000,8.8,65,,37535,114.41,0.60%,SGD,1.14,23.10%,$1.25 ,"$372,062,527,489 ",100.60%,84.80%,2.3,,83.1,8,,Malay,36.70%,2.29,5703569,70.50%,13.10%,21.00%,4.11%,5703569,1.352083,103.819836
Slovakia,114,39.20%,49035,16000,10.6,421,Bratislava,32424,115.34,2.70%,EUR,1.52,40.40%,$1.32 ,"$105,422,304,976 ",98.70%,46.60%,4.6,Bratislava,77.2,5,$3.11 ,Slovak,18.40%,3.42,5454073,59.50%,18.70%,49.70%,5.56%,2930419,48.669026,19.699024
Slovenia,103,30.70%,20273,7000,9.4,386,Ljubljana,12633,111.05,1.60%,EUR,1.6,62.00%,$1.32 ,"$53,742,159,517 ",100.40%,78.60%,1.7,Ljubljana,81,7,$5.25 ,Slovene language,12.50%,3.09,2087946,58.40%,18.60%,31.00%,4.20%,1144654,46.151241,14.995463
Solomon Islands,25,3.90%,28896,,32.44,677,Honiara,169,133.06,1.60%,SBD,4.4,77.90%,,"$1,425,074,226 ",106.20%,,17.1,Honiara,72.8,104,$0.40 ,English,3.30%,0.19,669823,83.80%,29.50%,32.00%,0.58%,162164,-9.64571,160.156194
Somalia,25,70.30%,637657,20000,41.75,252,Mogadishu,645,,,SOS,6.07,10.00%,$1.41 ,"$4,720,727,278 ",23.40%,2.50%,76.6,Bosaso,57.1,829,,Arabic,,0.02,15442905,47.40%,0.00%,,11.35%,7034861,5.152149,46.199616
South Africa,49,79.80%,1219090,80000,20.51,27,Pretoria,476644,158.93,4.10%,ZAR,2.41,7.60%,$0.92 ,"$351,431,649,241 ",100.90%,22.40%,28.5,Johannesburg,63.9,119,,Afrikaans,7.70%,0.91,58558270,56.00%,27.50%,29.20%,28.18%,39149717,-30.559482,22.937506
South Korea,527,17.40%,99720,634000,6.4,82,Seoul,620302,115.16,0.40%,KRW,0.98,63.40%,$1.22 ,"$2,029,000,000,000 ",98.10%,94.30%,2.7,Seoul,82.6,11,$6.49 ,Korean,36.80%,2.36,51709098,63.00%,15.60%,33.20%,4.15%,42106719,35.907757,127.766922
South Sudan,18,,644329,185000,35.01,211,Juba,1727,4583.71,187.90%,SSP,4.7,,$0.28 ,"$11,997,800,751 ",73.00%,,63.7,Juba,57.6,1150,,English,61.30%,,11062113,72.40%,,31.40%,12.24%,2201250,6.8769919,31.3069788
Spain,94,52.60%,505370,196000,7.9,34,Madrid,244002,110.96,0.70%,EUR,1.26,36.90%,$1.26 ,"$1,394,116,310,769 ",102.70%,88.90%,2.5,Madrid,83.3,4,$5.60 ,Spanish,24.20%,3.87,47076781,57.50%,14.20%,47.00%,13.96%,37927409,40.463667,-3.74922
Sri Lanka,341,43.70%,65610,317000,15.83,94,Colombo,23362,155.53,3.50%,LKR,2.2,32.90%,$0.88 ,"$84,008,783,756 ",100.20%,19.60%,6.4,Colombo,76.8,36,$0.35 ,Tamil,38.40%,1,21803000,53.90%,11.90%,55.20%,4.20%,4052088,7.873054,80.771797
Sudan,25,28.70%,1861484,124000,32.18,249,Khartoum,20000,1344.19,51.00%,SDG,4.41,8.10%,$0.95 ,"$18,902,284,476 ",76.80%,16.90%,42.1,Omdurman,65.1,295,$0.41 ,Arabic,63.20%,0.26,42813238,48.40%,8.00%,45.40%,16.53%,14957233,12.862807,30.217636
Suriname,4,0.60%,163820,2000,18.54,597,Paramaribo,1738,294.66,22.00%,SRD,2.42,98.30%,$1.29 ,"$3,985,250,737 ",108.80%,12.60%,16.9,Paramaribo,71.6,120,,Dutch,10.10%,1.21,581372,51.10%,19.50%,27.90%,7.33%,384258,3.919305,-56.027783
Sweden,25,7.40%,450295,30000,11.4,46,Stockholm,43252,110.51,1.80%,SEK,1.76,68.90%,$1.42 ,"$530,832,908,738 ",126.60%,67.00%,2.2,S�����,82.5,4,,Swedish,15.20%,3.98,10285453,64.60%,27.90%,49.10%,6.48%,9021165,60.128161,18.643501
Switzerland,219,38.40%,41277,21000,10,41,Bern,34477,99.55,0.40%,CHF,1.52,31.80%,$1.45 ,"$703,082,435,360 ",105.20%,59.60%,3.7,Z���,83.6,5,,German,28.30%,4.3,8574832,68.30%,10.10%,28.80%,4.58%,6332428,46.818188,8.227512
Syria,95,75.80%,185180,239000,23.69,963,Damascus,28830,143.2,36.70%,SYP,2.81,2.70%,$0.83 ,"$40,405,006,007 ",81.70%,40.10%,14,Damascus,71.8,31,$1.02 ,Arabic,53.70%,1.22,17070135,44.10%,14.20%,42.70%,8.37%,9358019,34.802075,38.996815
Tajikistan,68,34.10%,144100,17000,30.76,992,Dushanbe,5310,148.57,6.00%,TJS,3.59,3.00%,$0.71 ,"$8,116,626,794 ",100.90%,31.30%,30.4,Dushanbe,70.9,17,$0.23 ,Persian,63.10%,1.7,9321018,42.00%,9.80%,67.30%,11.02%,2545477,38.861034,71.276093
Tanzania,67,44.80%,947300,28000,36.7,255,Dodoma,11973,187.43,3.50%,TZS,4.89,51.60%,$0.87 ,"$63,177,068,175 ",94.20%,4.00%,37.6,Dar es Salaam,65,524,$0.09 ,Swahili,26.10%,0.01,58005463,83.40%,11.50%,43.80%,1.98%,20011885,-6.369028,34.888822
Thailand,137,43.30%,513120,455000,10.34,66,Bangkok,283763,113.27,0.70%,THB,1.53,32.20%,$0.71 ,"$543,649,976,166 ",99.80%,49.30%,7.8,Bangkok,76.9,37,$1.06 ,Thai,11.80%,0.81,69625582,67.30%,14.90%,29.50%,0.75%,35294600,15.870032,100.992541
East Timor,89,25.60%,14874,2000,29.42,670,Dili,495,145.38,2.60%,USD,4.02,45.40%,$1.10 ,"$1,673,540,300 ",115.30%,17.80%,39.3,Dili,69.3,142,$0.60 ,Portuguese,10.20%,0.72,3500000,67.30%,25.00%,17.30%,4.55%,400182,-8.874217,125.727539
Togo,152,70.20%,56785,10000,33.11,228,Lom�,3000,113.3,0.70%,XOF,4.32,3.10%,$0.71 ,"$5,459,979,417 ",123.80%,14.50%,47.4,Lom�,60.8,396,$0.34 ,French,51.00%,0.08,8082366,77.60%,16.90%,48.20%,2.04%,3414638,8.619543,0.824782
Tonga,147,45.80%,747,,24.3,676,Nuku����,128,121.09,7.40%,TOP,3.56,12.50%,,"$450,353,314 ",116.30%,6.40%,13.4,Nuku����,70.8,52,,Tongan Language,10.20%,0.52,100209,59.80%,22.30%,27.50%,1.12%,24145,-21.178986,-175.198242
Trinidad and Tobago,273,10.50%,5128,4000,12.94,1,Port of Spain,43868,141.75,1.00%,TTD,1.73,46.00%,$0.54 ,"$24,100,202,834 ",106.20%,12.00%,16.4,Chaguanas,73.4,67,$2.25 ,English,37.30%,4.17,1394973,60.00%,19.50%,40.50%,2.69%,741944,10.691803,-61.222503
Tunisia,76,64.80%,163610,48000,17.56,216,Tunis,29937,155.33,6.70%,TND,2.2,6.80%,$0.73 ,"$38,797,709,924 ",115.40%,31.70%,14.6,Tunis,76.5,43,$0.47 ,Arabic,39.80%,1.3,11694719,46.10%,21.10%,60.70%,16.02%,8099061,33.886917,9.537499
Turkey,110,49.80%,783562,512000,16.03,90,Ankara,372725,234.44,15.20%,TRY,2.07,15.40%,$1.42 ,"$754,411,708,203 ",93.20%,23.90%,9.1,Istanbul,77.4,17,$3.45 ,Turkish,16.90%,1.85,83429615,52.80%,17.90%,42.30%,13.49%,63097818,38.963745,35.243322
Turkmenistan,13,72.00%,488100,42000,23.83,993,Ashgabat,70630,,,TMT,2.79,8.80%,$0.29 ,"$40,761,142,857 ",88.40%,8.00%,39.3,Ashgabat,68.1,7,$0.88 ,Turkmen,71.10%,2.22,5942089,64.50%,,,3.91%,3092738,38.969719,59.556278
Tuvalu,393,60.00%,26,,,688,Funafuti,11,,,AUD,,33.30%,,"$47,271,463 ",86.00%,,20.6,Singapore,,,,Tuvaluan Language,0.70%,0.92,11646,,,,,7362,-7.109535,177.64933
Uganda,229,71.90%,241038,46000,38.14,256,Kampala,5680,173.87,2.90%,UGX,4.96,9.70%,$0.94 ,"$34,387,229,486 ",102.70%,4.80%,33.8,Buganda,63,375,$0.01 ,Swahili,40.50%,0.17,44269594,70.30%,11.70%,33.70%,1.84%,10784516,1.373333,32.290275
Ukraine,75,71.70%,603550,297000,8.7,380,Kyiv,202250,281.66,7.90%,UAH,1.3,16.70%,$0.83 ,"$153,781,069,118 ",99.00%,82.70%,7.5,Kyiv,71.6,19,$0.84 ,Ukrainian,47.80%,2.99,44385155,54.20%,20.10%,45.20%,8.88%,30835699,48.379433,31.16558
United Arab Emirates,118,5.50%,83600,63000,10.33,971,Abu Dhabi,206324,114.52,-1.90%,AED,1.41,4.60%,$0.49 ,"$421,142,267,938 ",108.40%,36.80%,6.5,Dubai,77.8,3,,Arabic,17.80%,2.53,9770529,82.10%,0.10%,15.90%,2.35%,8479744,23.424076,53.847818
United Kingdom,281,71.70%,243610,148000,11,44,London,379025,119.62,1.70%,GBP,1.68,13.10%,$1.46 ,"$2,827,113,184,696 ",101.20%,60.00%,3.6,London,81.3,7,$10.13 ,English,14.80%,2.81,66834405,62.80%,25.50%,30.60%,3.85%,55908316,55.378051,-3.435973
United States,36,44.40%,9833517,1359000,11.6,1,"Washington, D.C.",5006302,117.24,7.50%,USD,1.73,33.90%,$0.71 ,"$21,427,700,000,000 ",101.80%,88.20%,5.6,New York City,78.5,19,$7.25 ,None,11.10%,2.61,328239523,62.00%,9.60%,36.60%,14.70%,270663028,37.09024,-95.712891
Uruguay,20,82.60%,176215,22000,13.86,598,Montevideo,6766,202.92,7.90%,UYU,1.97,10.70%,$1.50 ,"$56,045,912,952 ",108.50%,63.10%,6.4,Montevideo,77.8,17,$1.66 ,Spanish,16.20%,5.05,3461734,64.00%,20.10%,41.80%,8.73%,3303394,-32.522779,-55.765835
Uzbekistan,79,62.90%,447400,68000,23.3,998,Tashkent,91811,,,UZS,2.42,7.50%,$1.03 ,"$57,921,286,440 ",104.20%,10.10%,19.1,Tashkent,71.6,29,$0.24 ,Uzbek,42.70%,2.37,33580650,65.10%,14.80%,31.60%,5.92%,16935729,41.377491,64.585262
Vanuatu,25,15.30%,12189,,29.6,678,Port Vila,147,117.13,2.80%,VUV,3.78,36.10%,$1.31 ,"$917,058,851 ",109.30%,4.70%,22.3,Port Vila,70.3,72,$1.56 ,French,8.90%,0.17,299882,69.90%,17.80%,8.50%,4.39%,76152,-15.376706,166.959158
Venezuela,32,24.50%,912050,343000,17.88,58,Caracas,164175,2740.27,254.90%,VED,2.27,52.70%,$0.00 ,"$482,359,318,768 ",97.20%,79.30%,21.4,Caracas,72.1,125,$0.01 ,Spanish,45.80%,1.92,28515829,59.70%,,73.30%,8.80%,25162368,6.42375,-66.58973
Vietnam,314,39.30%,331210,522000,16.75,84,Hanoi,192668,163.52,2.80%,VND,2.05,48.10%,$0.80 ,"$261,921,244,843 ",110.60%,28.50%,16.5,Ho Chi Minh City,75.3,43,$0.73 ,Vietnamese,43.50%,0.82,96462106,77.40%,19.10%,37.60%,2.01%,35332140,14.058324,108.277199
Yemen,56,44.60%,527968,40000,30.45,967,Sanaa,10609,157.58,8.10%,YER,3.79,1.00%,$0.92 ,"$26,914,402,224 ",93.60%,10.20%,42.9,Sanaa,66.1,164,,Arabic,81.00%,0.31,29161922,38.00%,,26.60%,12.91%,10869523,15.552727,48.516388
Zambia,25,32.10%,752618,16000,36.19,260,Lusaka,5141,212.31,9.20%,ZMW,4.63,65.20%,$1.40 ,"$23,064,722,446 ",98.70%,4.10%,40.4,Lusaka,63.5,213,$0.24 ,English,27.50%,1.19,17861030,74.60%,16.20%,15.60%,11.43%,7871713,-13.133897,27.849332
Zimbabwe,38,41.90%,390757,51000,30.68,263,Harare,10983,105.51,0.90%,,3.62,35.50%,$1.34 ,"$21,440,758,800 ",109.90%,10.00%,33.9,Harare,61.2,458,,Shona,25.80%,0.21,14645468,83.10%,20.70%,31.60%,4.95%,4717305,-19.015438,29.154857
